ticker,side,entry_c,fair_yes_c,edge_pp,btc,strike,dist_pct,settle_yes,won,gross_c,fee_c,net_c
KXBTC15M-26APR241130-30,yes,42,52,10.0,77756.89,77747.86,0.00012,1,1,58.0,3.41,54.59
KXBTC15M-26APR240745-45,yes,42,50,8.0,78329.03,78328.70,0.00000,0,0,-42.0,3.41,-45.41
KXBTC15M-26APR240645-45,yes,42,50,8.0,77703.66,77703.36,0.00000,0,0,-42.0,3.41,-45.41
KXBTC15M-26APR240615-15,yes,32,44,12.0,77524.01,77549.49,0.00033,0,0,-32.0,3.05,-35.05
KXBTC15M-26APR240230-30,no,43,47,10.0,77934.12,77946.06,0.00015,0,1,57.0,3.43,53.57
KXBTC15M-26APR240215-15,yes,49,59,10.0,78011.37,77982.08,0.00038,0,0,-49.0,3.50,-52.50
KXBTC15M-26APR240130-30,no,42,49,9.0,77588.38,77592.22,0.00005,1,0,-42.0,3.41,-45.41
KXBTC15M-26APR240115-15,no,44,44,12.0,77676.36,77698.68,0.00029,0,1,56.0,3.45,52.55
KXBTC15M-26APR232245-45,no,38,45,17.0,78268.65,78287.09,0.00024,1,0,-38.0,3.30,-41.30
KXBTC15M-26APR231915-15,no,46,39,15.0,78227.84,78255.38,0.00035,0,1,54.0,3.48,50.52
KXBTC15M-26APR231545-45,no,49,43,8.0,77863.05,77890.50,0.00035,0,1,51.0,3.50,47.50
KXBTC15M-26APR231100-00,no,34,54,12.0,77951.95,77928.40,0.00030,1,0,-34.0,3.14,-37.14
KXBTC15M-26APR231030-30,no,36,48,16.0,77513.72,77521.76,0.00010,1,0,-36.0,3.23,-39.23
KXBTC15M-26APR230730-30,no,47,44,9.0,77414.05,77432.06,0.00023,1,0,-47.0,3.49,-50.49
KXBTC15M-26APR230630-30,no,28,45,27.0,77209.42,77233.64,0.00031,1,0,-28.0,2.82,-30.82
KXBTC15M-26APR230600-00,yes,26,52,26.0,77753.93,77748.43,0.00007,0,0,-26.0,2.69,-28.69
KXBTC15M-26APR222100-00,no,38,53,9.0,78452.06,78428.84,0.00030,0,1,62.0,3.30,58.70
KXBTC15M-26APR221930-30,no,40,44,16.0,78571.54,78590.31,0.00024,0,1,60.0,3.36,56.64
KXBTC15M-26APR221815-15,no,32,53,15.0,78796.67,78791.08,0.00007,1,0,-32.0,3.05,-35.05
KXBTC15M-26APR221715-15,no,28,51,21.0,78454.67,78451.63,0.00004,1,0,-28.0,2.82,-30.82
KXBTC15M-26APR221215-15,no,40,47,13.0,79319.36,79334.41,0.00019,0,1,60.0,3.36,56.64
KXBTC15M-26APR221015-15,yes,43,52,9.0,78877.88,78864.30,0.00017,1,1,57.0,3.43,53.57
KXBTC15M-26APR220630-30,no,52,40,8.0,78020.61,78047.13,0.00034,1,0,-52.0,3.49,-55.49
KXBTC15M-26APR220500-00,no,40,42,18.0,77948.78,77975.67,0.00034,1,0,-40.0,3.36,-43.36
KXBTC15M-26APR220330-30,yes,52,60,8.0,78119.80,78098.66,0.00027,0,0,-52.0,3.49,-55.49
KXBTC15M-26APR220315-15,yes,46,61,15.0,78033.11,78011.43,0.00028,1,1,54.0,3.48,50.52
KXBTC15M-26APR220115-15,no,48,41,11.0,77459.52,77489.53,0.00039,1,0,-48.0,3.49,-51.49
KXBTC15M-26APR211945-45,yes,50,59,9.0,75836.89,75807.64,0.00039,1,1,50.0,3.50,46.50
KXBTC15M-26APR211830-30,yes,29,43,14.0,75570.71,75585.10,0.00019,0,0,-29.0,2.88,-31.88
KXBTC15M-26APR211800-00,no,40,48,12.0,75499.32,75505.48,0.00008,1,0,-40.0,3.36,-43.36
KXBTC15M-26APR211745-45,no,43,41,16.0,75556.22,75584.93,0.00038,0,1,57.0,3.43,53.57
KXBTC15M-26APR211700-00,yes,38,47,9.0,75668.38,75690.92,0.00030,1,1,62.0,3.30,58.70
KXBTC15M-26APR211445-45,no,36,51,13.0,75450.31,75447.00,0.00004,1,0,-36.0,3.23,-39.23
KXBTC15M-26APR211345-45,no,44,47,9.0,75296.72,75316.10,0.00026,1,0,-44.0,3.45,-47.45
KXBTC15M-26APR211300-00,no,32,56,12.0,75935.54,75906.28,0.00039,0,1,68.0,3.05,64.95
KXBTC15M-26APR211045-45,no,38,50,12.0,76135.74,76132.44,0.00004,1,0,-38.0,3.30,-41.30
KXBTC15M-26APR210645-45,no,43,44,13.0,76532.36,76550.43,0.00024,1,0,-43.0,3.43,-46.43
KXBTC15M-26APR210215-15,no,45,40,15.0,75824.91,75848.50,0.00031,0,1,55.0,3.47,51.53
KXBTC15M-26APR210100-00,no,28,53,19.0,75699.43,75692.18,0.00010,1,0,-28.0,2.82,-30.82
KXBTC15M-26APR202330-30,no,38,48,14.0,75596.77,75601.93,0.00007,1,0,-38.0,3.30,-41.30
KXBTC15M-26APR201900-00,no,50,42,8.0,75976.33,76006.07,0.00039,1,0,-50.0,3.50,-53.50
KXBTC15M-26APR200845-45,no,40,42,18.0,75417.79,75447.85,0.00040,0,1,60.0,3.36,56.64
KXBTC15M-26APR200230-30,yes,40,50,10.0,74328.97,74330.54,0.00002,1,1,60.0,3.36,56.64
KXBTC15M-26APR192045-45,yes,36,49,13.0,74267.68,74270.97,0.00004,0,0,-36.0,3.23,-39.23
KXBTC15M-26APR191830-30,yes,30,47,17.0,74020.63,74047.31,0.00036,0,0,-30.0,2.94,-32.94
KXBTC15M-26APR191715-15,no,40,51,9.0,74670.95,74665.57,0.00007,1,0,-40.0,3.36,-43.36
KXBTC15M-26APR191045-45,yes,34,45,11.0,75987.13,76001.65,0.00019,1,1,66.0,3.14,62.86
KXBTC15M-26APR190700-00,no,46,45,9.0,75110.17,75125.32,0.00020,1,0,-46.0,3.48,-49.48
KXBTC15M-26APR190515-15,no,36,51,13.0,75274.42,75273.90,0.00001,0,1,64.0,3.23,60.77
KXBTC15M-26APR190445-45,yes,30,65,35.0,75225.28,75204.77,0.00027,1,1,70.0,2.94,67.06
KXBTC15M-26APR190345-45,no,36,50,14.0,75034.11,75034.56,0.00001,1,0,-36.0,3.23,-39.23
KXBTC15M-26APR190315-15,no,42,38,20.0,75399.50,75428.50,0.00038,0,1,58.0,3.41,54.59
KXBTC15M-26APR190300-00,yes,40,55,15.0,75476.74,75464.44,0.00016,0,0,-40.0,3.36,-43.36
KXBTC15M-26APR190245-45,no,34,40,26.0,75424.90,75447.72,0.00030,1,0,-34.0,3.14,-37.14
KXBTC15M-26APR190215-15,yes,42,60,18.0,75603.69,75585.57,0.00024,0,0,-42.0,3.41,-45.41
KXBTC15M-26APR190200-00,yes,42,61,19.0,75666.02,75641.01,0.00033,0,0,-42.0,3.41,-45.41
KXBTC15M-26APR190115-15,no,46,46,8.0,75689.29,75701.86,0.00017,0,1,54.0,3.48,50.52
KXBTC15M-26APR182245-45,yes,42,50,8.0,75516.85,75515.78,0.00001,1,1,58.0,3.41,54.59
KXBTC15M-26APR182045-45,no,44,39,17.0,75625.34,75645.92,0.00027,0,1,56.0,3.45,52.55
KXBTC15M-26APR181745-45,no,44,35,21.0,75719.12,75742.25,0.00031,1,0,-44.0,3.45,-47.45
KXBTC15M-26APR181730-30,no,48,34,18.0,75750.72,75775.30,0.00032,0,1,52.0,3.49,48.51
KXBTC15M-26APR181445-45,yes,36,44,8.0,75678.01,75696.98,0.00025,0,0,-36.0,3.23,-39.23
KXBTC15M-26APR181430-30,yes,29,41,12.0,75814.27,75833.99,0.00026,0,0,-29.0,2.88,-31.88
KXBTC15M-26APR181400-00,no,50,35,15.0,75890.61,75919.56,0.00038,0,1,50.0,3.50,46.50
KXBTC15M-26APR181330-30,no,34,55,11.0,75886.09,75861.99,0.00032,1,0,-34.0,3.14,-37.14
KXBTC15M-26APR180745-45,no,41,47,12.0,76082.20,76091.80,0.00013,0,1,59.0,3.39,55.61
KXBTC15M-26APR180630-30,no,26,43,31.0,76285.54,76314.14,0.00037,1,0,-26.0,2.69,-28.69
KXBTC15M-26APR180615-15,yes,32,47,15.0,76618.40,76632.20,0.00018,0,0,-32.0,3.05,-35.05
KXBTC15M-26APR180500-00,no,16,47,37.0,76542.83,76553.78,0.00014,1,0,-16.0,1.88,-17.88
KXBTC15M-26APR180400-00,no,32,53,15.0,77020.67,77016.72,0.00005,1,0,-32.0,3.05,-35.05
KXBTC15M-26APR180330-30,no,52,31,17.0,77075.59,77101.68,0.00034,1,0,-52.0,3.49,-55.49
KXBTC15M-26APR171445-45,no,43,45,12.0,77215.06,77239.22,0.00031,1,0,-43.0,3.43,-46.43
KXBTC15M-26APR171200-00,no,26,53,21.0,77575.86,77558.51,0.00022,1,0,-26.0,2.69,-28.69
KXBTC15M-26APR170730-30,no,38,50,12.0,75359.21,75360.15,0.00001,1,0,-38.0,3.30,-41.30
KXBTC15M-26APR170345-45,no,22,39,39.0,74962.60,74979.54,0.00023,1,0,-22.0,2.40,-24.40
KXBTC15M-26APR170230-30,no,30,43,27.0,74760.30,74779.86,0.00026,1,0,-30.0,2.94,-32.94
KXBTC15M-26APR170200-00,no,37,45,18.0,74652.00,74663.26,0.00015,0,1,63.0,3.26,59.74
KXBTC15M-26APR170015-15,no,45,44,11.0,74629.44,74643.43,0.00019,1,0,-45.0,3.47,-48.47
KXBTC15M-26APR162030-30,yes,40,48,8.0,74991.28,74998.91,0.00010,1,1,60.0,3.36,56.64
KXBTC15M-26APR161945-45,no,44,42,14.0,75015.00,75041.35,0.00035,1,0,-44.0,3.45,-47.45
KXBTC15M-26APR161400-00,yes,34,48,14.0,74396.31,74411.85,0.00021,0,0,-34.0,3.14,-37.14
KXBTC15M-26APR160915-15,yes,38,59,21.0,74665.45,74639.31,0.00035,1,1,62.0,3.30,58.70
KXBTC15M-26APR160715-15,no,44,46,10.0,74310.30,74323.22,0.00017,1,0,-44.0,3.45,-47.45
KXBTC15M-26APR160645-45,yes,46,59,13.0,74500.60,74472.92,0.00037,0,0,-46.0,3.48,-49.48
KXBTC15M-26APR160615-15,no,42,40,18.0,74596.92,74624.73,0.00037,0,1,58.0,3.41,54.59
KXBTC15M-26APR160115-15,yes,36,47,11.0,74964.00,74977.45,0.00018,0,0,-36.0,3.23,-39.23
KXBTC15M-26APR160015-15,no,50,40,10.0,74867.81,74895.79,0.00037,1,0,-50.0,3.50,-53.50
KXBTC15M-26APR152130-30,no,38,47,15.0,74559.29,74571.39,0.00016,1,0,-38.0,3.30,-41.30
KXBTC15M-26APR151630-30,no,46,46,8.0,74677.26,74696.05,0.00025,1,0,-46.0,3.48,-49.48
KXBTC15M-26APR151415-15,yes,40,52,12.0,74147.45,74140.18,0.00010,1,1,60.0,3.36,56.64
KXBTC15M-26APR151000-00,no,38,50,12.0,73934.59,73933.46,0.00002,1,0,-38.0,3.30,-41.30
KXBTC15M-26APR150830-30,yes,30,43,13.0,74197.92,74221.50,0.00032,0,0,-30.0,2.94,-32.94
KXBTC15M-26APR150415-15,yes,32,53,21.0,73776.00,73762.70,0.00018,1,1,68.0,3.05,64.95
KXBTC15M-26APR150400-00,yes,40,50,10.0,73631.98,73631.50,0.00001,1,1,60.0,3.36,56.64
KXBTC15M-26APR141945-45,no,44,48,8.0,74122.65,74129.55,0.00009,1,0,-44.0,3.45,-47.45
KXBTC15M-26APR141900-00,no,34,51,15.0,74027.00,74020.90,0.00008,1,0,-34.0,3.14,-37.14
KXBTC15M-26APR141800-00,no,46,45,9.0,74035.89,74050.75,0.00020,1,0,-46.0,3.48,-49.48
KXBTC15M-26APR141600-00,no,40,48,12.0,74161.37,74174.56,0.00018,1,0,-40.0,3.36,-43.36
KXBTC15M-26APR141515-15,no,32,54,14.0,74147.26,74125.07,0.00030,1,0,-32.0,3.05,-35.05
KXBTC15M-26APR140845-45,no,26,54,20.0,74329.40,74317.94,0.00015,1,0,-26.0,2.69,-28.69
KXBTC15M-26APR140830-30,no,36,50,14.0,74332.50,74331.37,0.00002,0,1,64.0,3.23,60.77
KXBTC15M-26APR140730-30,no,37,45,18.0,74426.32,74438.54,0.00016,0,1,63.0,3.26,59.74
KXBTC15M-26APR140100-00,no,48,38,14.0,74389.97,74411.16,0.00028,1,0,-48.0,3.49,-51.49
KXBTC15M-26APR132345-45,no,40,40,20.0,74276.55,74303.91,0.00037,1,0,-40.0,3.36,-43.36
KXBTC15M-26APR132230-30,yes,34,45,11.0,74484.00,74498.73,0.00020,0,0,-34.0,3.14,-37.14
KXBTC15M-26APR130945-45,yes,42,56,14.0,71222.50,71199.90,0.00032,0,0,-42.0,3.41,-45.41
KXBTC15M-26APR130830-30,no,46,44,10.0,70972.75,70984.56,0.00017,0,1,54.0,3.48,50.52
KXBTC15M-26APR130745-45,no,43,46,11.0,70871.53,70880.07,0.00012,1,0,-43.0,3.43,-46.43
KXBTC15M-26APR130645-45,no,43,40,17.0,70770.50,70785.22,0.00021,0,1,57.0,3.43,53.57
KXBTC15M-26APR130630-30,yes,12,31,19.0,70812.56,70829.59,0.00024,0,0,-12.0,1.48,-13.48
KXBTC15M-26APR130530-30,yes,34,47,13.0,70715.93,70727.40,0.00016,1,1,66.0,3.14,62.86
KXBTC15M-26APR130445-45,yes,36,55,19.0,70788.11,70777.70,0.00015,0,0,-36.0,3.23,-39.23
KXBTC15M-26APR130430-30,yes,36,62,26.0,70784.68,70756.74,0.00039,1,1,64.0,3.23,60.77
KXBTC15M-26APR130415-15,yes,32,47,15.0,70830.61,70836.59,0.00008,0,0,-32.0,3.05,-35.05
KXBTC15M-26APR130330-30,no,44,39,17.0,70900.00,70920.81,0.00029,0,1,56.0,3.45,52.55
KXBTC15M-26APR130230-30,yes,34,44,10.0,70999.27,71017.35,0.00025,1,1,66.0,3.14,62.86
KXBTC15M-26APR122300-00,no,45,42,13.0,71056.89,71081.90,0.00035,0,1,55.0,3.47,51.53
KXBTC15M-26APR121615-15,no,48,40,12.0,71113.74,71125.14,0.00016,0,1,52.0,3.49,48.51
KXBTC15M-26APR121415-15,no,44,44,12.0,71123.05,71139.44,0.00023,1,0,-44.0,3.45,-47.45
KXBTC15M-26APR120645-45,yes,38,47,9.0,71649.39,71655.24,0.00008,0,0,-38.0,3.30,-41.30
KXBTC15M-26APR120200-00,no,50,39,11.0,71660.74,71683.00,0.00031,1,0,-50.0,3.50,-53.50
KXBTC15M-26APR112315-15,no,42,49,9.0,71803.77,71809.25,0.00008,0,1,58.0,3.41,54.59
KXBTC15M-26APR112145-45,yes,46,54,8.0,73061.28,73052.11,0.00013,0,0,-46.0,3.48,-49.48
KXBTC15M-26APR111630-30,yes,30,58,28.0,73574.12,73548.34,0.00035,0,0,-30.0,2.94,-32.94
KXBTC15M-26APR111600-00,yes,36,47,11.0,73704.69,73719.60,0.00020,0,0,-36.0,3.23,-39.23
KXBTC15M-26APR111415-15,no,48,41,11.0,73093.27,73112.98,0.00027,1,0,-48.0,3.49,-51.49
KXBTC15M-26APR111315-15,yes,44,54,10.0,73102.41,73089.81,0.00017,0,0,-44.0,3.45,-47.45
KXBTC15M-26APR111300-00,no,44,42,14.0,73090.85,73110.24,0.00027,0,1,56.0,3.45,52.55
KXBTC15M-26APR111115-15,no,48,38,14.0,72740.13,72754.83,0.00020,0,1,52.0,3.49,48.51
KXBTC15M-26APR111030-30,no,48,30,22.0,72713.99,72739.14,0.00035,1,0,-48.0,3.49,-51.49
KXBTC15M-26APR110830-30,no,14,51,35.0,72928.61,72927.98,0.00001,0,1,86.0,1.69,84.31
KXBTC15M-26APR110730-30,no,52,32,16.0,72880.24,72904.59,0.00033,0,1,48.0,3.49,44.51
KXBTC15M-26APR110430-30,no,49,42,9.0,72796.99,72806.45,0.00013,0,1,51.0,3.50,47.50
KXBTC15M-26APR110245-45,no,45,38,17.0,72708.30,72730.58,0.00031,1,0,-45.0,3.47,-48.47
KXBTC15M-26APR110130-30,yes,36,63,27.0,72771.75,72749.92,0.00030,1,1,64.0,3.23,60.77
KXBTC15M-26APR110115-15,no,48,40,12.0,72823.11,72845.02,0.00030,0,1,52.0,3.49,48.51
KXBTC15M-26APR101730-30,no,38,50,12.0,73099.19,73100.90,0.00002,1,0,-38.0,3.30,-41.30
KXBTC15M-26APR101345-45,yes,40,48,8.0,72985.30,72993.81,0.00012,0,0,-40.0,3.36,-43.36
KXBTC15M-26APR101215-15,no,38,51,11.0,72448.22,72445.25,0.00004,1,0,-38.0,3.30,-41.30
KXBTC15M-26APR101100-00,no,46,46,8.0,72859.30,72886.49,0.00037,1,0,-46.0,3.48,-49.48
KXBTC15M-26APR100830-30,no,44,42,14.0,72094.69,72113.10,0.00026,0,1,56.0,3.45,52.55
KXBTC15M-26APR100715-15,no,52,36,12.0,71907.93,71924.08,0.00022,1,0,-52.0,3.49,-55.49
KXBTC15M-26APR100645-45,no,40,37,23.0,71724.00,71745.90,0.00031,1,0,-40.0,3.36,-43.36
KXBTC15M-26APR100530-30,no,45,41,14.0,71671.26,71698.55,0.00038,1,0,-45.0,3.47,-48.47
KXBTC15M-26APR100445-45,no,48,44,8.0,71640.77,71656.89,0.00023,1,0,-48.0,3.49,-51.49
KXBTC15M-26APR100415-15,no,40,40,20.0,71455.37,71476.27,0.00029,1,0,-40.0,3.36,-43.36
KXBTC15M-26APR100200-00,no,40,50,10.0,72179.72,72179.47,0.00000,0,1,60.0,3.36,56.64
KXBTC15M-26APR100100-00,no,52,36,12.0,71890.52,71913.76,0.00032,1,0,-52.0,3.49,-55.49
KXBTC15M-26APR091900-00,no,38,45,17.0,72300.00,72328.83,0.00040,0,1,62.0,3.30,58.70
KXBTC15M-26APR091515-15,yes,36,51,15.0,71916.56,71911.11,0.00008,1,1,64.0,3.23,60.77
KXBTC15M-26APR090715-15,no,42,44,14.0,71291.44,71307.11,0.00022,0,1,58.0,3.41,54.59
KXBTC15M-26APR090200-00,yes,42,51,9.0,71057.75,71056.14,0.00002,0,0,-42.0,3.41,-45.41
KXBTC15M-26APR082345-45,no,32,58,10.0,70940.24,70915.65,0.00035,1,0,-32.0,3.05,-35.05
KXBTC15M-26APR081745-45,yes,25,52,27.0,71708.19,71703.32,0.00007,0,0,-25.0,2.63,-27.62
KXBTC15M-26APR081330-30,yes,36,51,15.0,71791.02,71787.30,0.00005,0,0,-36.0,3.23,-39.23
KXBTC15M-26APR080745-45,yes,36,49,13.0,71652.58,71655.04,0.00003,0,0,-36.0,3.23,-39.23
KXBTC15M-26APR080300-00,no,50,42,8.0,71776.79,71805.46,0.00040,0,1,50.0,3.50,46.50
KXBTC15M-26APR080230-30,yes,32,41,9.0,71786.62,71812.50,0.00036,1,1,68.0,3.05,64.95
KXBTC15M-26APR072030-30,yes,38,49,11.0,71979.26,71994.89,0.00022,0,0,-38.0,3.30,-41.30
KXBTC15M-26APR071830-30,yes,36,52,16.0,70277.33,70263.96,0.00019,1,1,64.0,3.23,60.77
KXBTC15M-26APR070830-30,yes,42,60,18.0,68292.10,68265.51,0.00039,1,1,58.0,3.41,54.59
KXBTC15M-26APR070800-00,yes,44,54,10.0,68414.00,68400.45,0.00020,0,0,-44.0,3.45,-47.45
KXBTC15M-26APR070745-45,yes,32,50,18.0,68385.50,68384.06,0.00002,1,1,68.0,3.05,64.95
KXBTC15M-26APR070515-15,yes,46,56,10.0,68960.20,68943.95,0.00024,1,1,54.0,3.48,50.52
KXBTC15M-26APR070315-15,yes,26,56,30.0,68596.75,68582.09,0.00021,0,0,-26.0,2.69,-28.69
KXBTC15M-26APR070300-00,yes,42,55,13.0,68558.56,68545.84,0.00019,1,1,58.0,3.41,54.59
KXBTC15M-26APR070245-45,yes,44,59,15.0,68590.02,68569.19,0.00030,0,0,-44.0,3.45,-47.45
KXBTC15M-26APR070030-30,no,30,56,14.0,68656.52,68634.26,0.00032,0,1,70.0,2.94,67.06
KXBTC15M-26APR062245-45,no,42,50,8.0,68561.50,68563.36,0.00003,1,0,-42.0,3.41,-45.41
KXBTC15M-26APR062230-30,no,38,52,10.0,68427.64,68417.30,0.00015,1,0,-38.0,3.30,-41.30
KXBTC15M-26APR062000-00,no,36,54,10.0,68806.04,68784.51,0.00031,1,0,-36.0,3.23,-39.23
KXBTC15M-26APR061000-00,yes,42,51,9.0,69345.40,69340.72,0.00007,1,1,58.0,3.41,54.59
KXBTC15M-26APR060815-15,yes,50,58,8.0,69636.60,69611.67,0.00036,0,0,-50.0,3.50,-53.50
KXBTC15M-26APR060745-45,yes,36,49,13.0,69623.19,69631.40,0.00012,1,1,64.0,3.23,60.77
KXBTC15M-26APR051715-15,yes,40,57,17.0,67639.11,67622.88,0.00024,0,0,-40.0,3.36,-43.36
KXBTC15M-26APR051645-45,yes,50,63,13.0,67486.81,67460.00,0.00040,1,1,50.0,3.50,46.50
KXBTC15M-26APR051630-30,yes,44,63,19.0,67391.89,67366.11,0.00038,1,1,56.0,3.45,52.55
KXBTC15M-26APR051615-15,no,30,43,27.0,67321.52,67335.23,0.00020,1,0,-30.0,2.94,-32.94
KXBTC15M-26APR051445-45,no,31,57,12.0,67294.92,67285.07,0.00015,1,0,-31.0,2.99,-33.99
KXBTC15M-26APR051415-15,no,43,47,10.0,67333.15,67338.74,0.00008,0,1,57.0,3.43,53.57
KXBTC15M-26APR051345-45,yes,44,55,11.0,67332.62,67321.31,0.00017,1,1,56.0,3.45,52.55
KXBTC15M-26APR051315-15,no,34,55,11.0,67207.02,67194.88,0.00018,1,0,-34.0,3.14,-37.14
KXBTC15M-26APR051300-00,yes,28,61,33.0,67322.18,67298.36,0.00035,0,0,-28.0,2.82,-30.82
KXBTC15M-26APR051200-00,yes,40,49,9.0,67401.70,67411.81,0.00015,0,0,-40.0,3.36,-43.36
KXBTC15M-26APR051130-30,yes,45,66,21.0,66969.99,66944.79,0.00038,1,1,55.0,3.47,51.53
KXBTC15M-26APR050815-15,yes,40,62,22.0,67001.17,66989.95,0.00017,0,0,-40.0,3.36,-43.36
KXBTC15M-26APR050730-30,yes,40,52,12.0,67065.78,67061.58,0.00006,0,0,-40.0,3.36,-43.36
KXBTC15M-26APR050415-15,yes,48,59,11.0,66827.19,66806.98,0.00030,1,1,52.0,3.49,48.51
KXBTC15M-26APR050400-00,no,46,38,16.0,66738.27,66759.87,0.00032,1,0,-46.0,3.48,-49.48
KXBTC15M-26APR050345-45,yes,34,55,21.0,66815.28,66804.82,0.00016,0,0,-34.0,3.14,-37.14
KXBTC15M-26APR050315-15,yes,40,50,10.0,66839.71,66838.62,0.00002,1,1,60.0,3.36,56.64
KXBTC15M-26APR050300-00,yes,36,54,18.0,66827.28,66816.75,0.00016,1,1,64.0,3.23,60.77
KXBTC15M-26APR050230-30,no,34,58,8.0,66653.58,66635.21,0.00028,1,0,-34.0,3.14,-37.14
KXBTC15M-26APR050100-00,yes,50,63,13.0,67137.76,67120.02,0.00026,0,0,-50.0,3.50,-53.50
KXBTC15M-26APR050045-45,yes,40,59,19.0,67185.80,67174.54,0.00017,0,0,-40.0,3.36,-43.36
KXBTC15M-26APR050000-00,yes,42,72,30.0,67149.07,67130.04,0.00028,0,0,-42.0,3.41,-45.41
KXBTC15M-26APR042315-15,yes,46,62,16.0,67178.14,67161.02,0.00025,0,0,-46.0,3.48,-49.48
KXBTC15M-26APR042245-45,no,36,48,16.0,67116.66,67120.17,0.00005,1,0,-36.0,3.23,-39.23
KXBTC15M-26APR042130-30,yes,36,50,14.0,67180.89,67181.04,0.00000,0,0,-36.0,3.23,-39.23
KXBTC15M-26APR042100-00,yes,41,56,15.0,67271.45,67264.06,0.00011,0,0,-41.0,3.39,-44.39
KXBTC15M-26APR041945-45,no,40,52,8.0,67314.23,67311.87,0.00004,0,1,60.0,3.36,56.64
KXBTC15M-26APR041845-45,yes,48,61,13.0,67445.68,67425.20,0.00030,0,0,-48.0,3.49,-51.49
KXBTC15M-26APR041830-30,no,36,50,14.0,67364.46,67363.94,0.00001,1,0,-36.0,3.23,-39.23
KXBTC15M-26APR041800-00,no,20,56,24.0,67297.86,67292.44,0.00008,1,0,-20.0,2.24,-22.24
KXBTC15M-26APR041745-45,no,50,38,12.0,67261.49,67274.06,0.00019,1,0,-50.0,3.50,-53.50
KXBTC15M-26APR041500-00,yes,36,69,33.0,67308.50,67290.19,0.00027,0,0,-36.0,3.23,-39.23
KXBTC15M-26APR041445-45,yes,38,62,24.0,67343.58,67335.08,0.00013,0,0,-38.0,3.30,-41.30
KXBTC15M-26APR041430-30,no,26,65,9.0,67346.09,67330.11,0.00024,1,0,-26.0,2.69,-28.69
KXBTC15M-26APR041400-00,yes,52,63,11.0,67349.83,67324.92,0.00037,1,1,48.0,3.49,44.51
KXBTC15M-26APR041345-45,yes,36,52,16.0,67410.49,67405.41,0.00008,0,0,-36.0,3.23,-39.23
KXBTC15M-26APR041330-30,no,46,44,10.0,67355.67,67370.29,0.00022,1,0,-46.0,3.48,-49.48
KXBTC15M-26APR041245-45,yes,29,51,22.0,67456.46,67454.99,0.00002,1,1,71.0,2.88,68.12
KXBTC15M-26APR041145-45,yes,38,51,13.0,67342.17,67339.17,0.00004,1,1,62.0,3.30,58.70
KXBTC15M-26APR041115-15,yes,42,52,10.0,67196.73,67193.16,0.00005,1,1,58.0,3.41,54.59
KXBTC15M-26APR040930-30,no,45,47,8.0,67099.42,67101.79,0.00004,1,0,-45.0,3.47,-48.47
KXBTC15M-26APR040845-45,no,38,50,12.0,67110.40,67110.01,0.00001,0,1,62.0,3.30,58.70
KXBTC15M-26APR040645-45,yes,44,60,16.0,66946.55,66941.57,0.00007,1,1,56.0,3.45,52.55
KXBTC15M-26APR040530-30,yes,51,69,18.0,66990.35,66980.39,0.00015,0,0,-51.0,3.50,-54.50
KXBTC15M-26APR040430-30,yes,50,60,10.0,67012.67,66999.43,0.00020,1,1,50.0,3.50,46.50
KXBTC15M-26APR040130-30,no,50,42,8.0,66860.06,66872.82,0.00019,0,1,50.0,3.50,46.50
KXBTC15M-26APR032345-45,yes,40,48,8.0,66841.27,66849.54,0.00012,1,1,60.0,3.36,56.64
KXBTC15M-26APR032145-45,yes,38,49,11.0,66868.40,66869.77,0.00002,0,0,-38.0,3.30,-41.30
KXBTC15M-26APR032115-15,no,42,42,16.0,66875.12,66888.84,0.00021,0,1,58.0,3.41,54.59
KXBTC15M-26APR032100-00,yes,40,48,8.0,66932.52,66937.08,0.00007,0,0,-40.0,3.36,-43.36
KXBTC15M-26APR031800-00,yes,50,62,12.0,66953.26,66938.68,0.00022,1,1,50.0,3.50,46.50
KXBTC15M-26APR031745-45,yes,55,63,8.0,66919.16,66903.96,0.00023,1,1,45.0,3.46,41.53
KXBTC15M-26APR031615-15,yes,50,59,9.0,66888.97,66869.20,0.00030,1,1,50.0,3.50,46.50
KXBTC15M-26APR031415-15,yes,38,48,10.0,66861.13,66864.62,0.00005,0,0,-38.0,3.30,-41.30
KXBTC15M-26APR031115-15,yes,32,43,11.0,66942.29,66960.46,0.00027,0,0,-32.0,3.05,-35.05
KXBTC15M-26APR030945-45,yes,42,57,15.0,66701.55,66677.26,0.00036,0,0,-42.0,3.41,-45.41
KXBTC15M-26APR030715-15,yes,40,53,13.0,66893.39,66885.49,0.00012,0,0,-40.0,3.36,-43.36
KXBTC15M-26APR030615-15,yes,29,48,19.0,66856.07,66862.78,0.00010,0,0,-29.0,2.88,-31.88
KXBTC15M-26APR030600-00,yes,32,44,12.0,66885.68,66905.27,0.00029,0,0,-32.0,3.05,-35.05
KXBTC15M-26APR030445-45,no,44,45,11.0,67043.10,67065.15,0.00033,0,1,56.0,3.45,52.55
KXBTC15M-26APR030415-15,no,43,48,9.0,67029.15,67037.75,0.00013,1,0,-43.0,3.43,-46.43
KXBTC15M-26APR022330-30,yes,39,48,9.0,66621.03,66633.90,0.00019,0,0,-39.0,3.33,-42.33
KXBTC15M-26APR022130-30,no,46,44,10.0,66761.25,66783.37,0.00033,1,0,-46.0,3.48,-49.48
KXBTC15M-26APR022045-45,no,44,47,9.0,66824.46,66831.83,0.00011,0,1,56.0,3.45,52.55
KXBTC15M-26APR022015-15,no,38,47,15.0,66887.48,66895.15,0.00011,0,1,62.0,3.30,58.70
KXBTC15M-26APR022000-00,no,54,38,8.0,66865.61,66891.89,0.00039,1,0,-54.0,3.48,-57.48
KXBTC15M-26APR021530-30,yes,44,57,13.0,67075.28,67050.73,0.00037,0,0,-44.0,3.45,-47.45
KXBTC15M-26APR021445-45,no,38,52,10.0,66641.82,66632.07,0.00015,1,0,-38.0,3.30,-41.30
KXBTC15M-26APR021215-15,yes,42,54,12.0,66851.28,66833.49,0.00027,1,1,58.0,3.41,54.59
KXBTC15M-26APR020700-00,yes,46,55,9.0,66481.06,66468.29,0.00019,0,0,-46.0,3.48,-49.48
KXBTC15M-26APR020630-30,yes,44,56,12.0,66282.40,66269.99,0.00019,1,1,56.0,3.45,52.55
KXBTC15M-26APR020515-15,no,48,43,9.0,66444.60,66462.42,0.00027,0,1,52.0,3.49,48.51
KXBTC15M-26APR012045-45,yes,47,56,9.0,68234.92,68218.57,0.00024,1,1,53.0,3.49,49.51
KXBTC15M-26APR012030-30,yes,42,56,14.0,68227.54,68210.29,0.00025,1,1,58.0,3.41,54.59
KXBTC15M-26APR011700-00,no,45,46,9.0,68150.83,68163.07,0.00018,1,0,-45.0,3.47,-48.47
KXBTC15M-26APR011230-30,no,48,43,9.0,68631.29,68657.94,0.00039,1,0,-48.0,3.49,-51.49
KXBTC15M-26APR010945-45,yes,41,51,10.0,68551.42,68541.78,0.00014,0,0,-41.0,3.39,-44.39
KXBTC15M-26APR010730-30,yes,42,59,17.0,68613.89,68593.83,0.00029,0,0,-42.0,3.41,-45.41
KXBTC15M-26APR010515-15,yes,38,55,17.0,68672.28,68659.33,0.00019,0,0,-38.0,3.30,-41.30
KXBTC15M-26MAR311745-45,no,35,47,18.0,67959.65,67969.08,0.00014,1,0,-35.0,3.19,-38.19
KXBTC15M-26MAR301800-00,yes,38,49,11.0,66866.81,66869.98,0.00005,0,0,-38.0,3.30,-41.30
KXBTC15M-26MAR300600-00,yes,42,56,14.0,67522.82,67502.79,0.00030,0,0,-42.0,3.41,-45.41
KXBTC15M-26MAR291400-00,yes,30,56,26.0,66369.47,66354.35,0.00023,0,0,-30.0,2.94,-32.94
KXBTC15M-26MAR290330-30,yes,50,58,8.0,66576.52,66552.67,0.00036,1,1,50.0,3.50,46.50
KXBTC15M-26MAR281615-15,no,26,51,23.0,66866.67,66865.04,0.00002,1,0,-26.0,2.69,-28.69
KXBTC15M-26MAR280945-45,no,28,48,24.0,66394.08,66398.96,0.00007,1,0,-28.0,2.82,-30.82
KXBTC15M-26MAR280900-00,yes,38,58,20.0,66343.73,66325.00,0.00028,1,1,62.0,3.30,58.70
KXBTC15M-26MAR280715-15,yes,50,69,19.0,66205.30,66179.30,0.00039,1,1,50.0,3.50,46.50
KXBTC15M-26MAR280245-45,yes,49,68,19.0,66441.90,66417.31,0.00037,0,0,-49.0,3.50,-52.50
KXBTC15M-26MAR272300-00,yes,40,58,18.0,66014.27,65989.23,0.00038,1,1,60.0,3.36,56.64
KXBTC15M-26MAR271230-30,yes,36,48,12.0,65922.63,65941.64,0.00029,0,0,-36.0,3.23,-39.23
KXBTC15M-26MAR271130-30,yes,42,51,9.0,66225.10,66219.30,0.00009,1,1,58.0,3.41,54.59
KXBTC15M-26MAR271000-00,yes,36,51,15.0,66536.40,66531.69,0.00007,0,0,-36.0,3.23,-39.23
KXBTC15M-26MAR270800-00,yes,41,50,9.0,66730.95,66731.58,0.00001,0,0,-41.0,3.39,-44.39
KXBTC15M-26MAR270715-15,yes,36,47,11.0,66443.54,66468.77,0.00038,1,1,64.0,3.23,60.77
KXBTC15M-26MAR270430-30,no,38,54,8.0,68460.00,68442.21,0.00026,0,1,62.0,3.30,58.70
KXBTC15M-26MAR270345-45,yes,50,58,8.0,68910.64,68887.38,0.00034,0,0,-50.0,3.50,-53.50
KXBTC15M-26MAR270245-45,yes,40,58,18.0,68813.20,68785.95,0.00040,0,0,-40.0,3.36,-43.36
KXBTC15M-26MAR262330-30,yes,48,61,13.0,68748.71,68721.27,0.00040,1,1,52.0,3.49,48.51
KXBTC15M-26MAR262300-00,yes,48,60,12.0,68923.61,68899.46,0.00035,0,0,-48.0,3.49,-51.49
KXBTC15M-26MAR261715-15,yes,40,49,9.0,68953.88,68959.10,0.00008,0,0,-40.0,3.36,-43.36
KXBTC15M-26MAR260845-45,yes,38,54,16.0,69399.91,69391.25,0.00012,0,0,-38.0,3.30,-41.30
KXBTC15M-26MAR260615-15,yes,42,55,13.0,69590.00,69565.62,0.00035,0,0,-42.0,3.41,-45.41
KXBTC15M-26MAR260515-15,yes,30,58,28.0,70014.26,69991.38,0.00033,1,1,70.0,2.94,67.06
KXBTC15M-26MAR260000-00,yes,52,60,8.0,70869.53,70845.19,0.00034,1,1,48.0,3.49,44.51
KXBTC15M-26MAR252215-15,yes,50,62,12.0,71278.98,71254.53,0.00034,0,0,-50.0,3.50,-53.50
