ticker,strategy,timing,side,entry_c,btc,strike,settle_yes,won,gross_c,fee_c,net_c
KXBTC15M-26APR240945-45,BB_PURE_MEANREV,T600,no,29,78218.61,78216.81,0,1,71.0,2.88,68.12
KXBTC15M-26APR240530-30,BB_PURE_MEANREV,T600,no,46,77492.39,77513.73,1,0,-46.0,3.48,-49.48
KXBTC15M-26APR240230-30,BB_PURE_MEANREV,T600,yes,31,77951.32,77946.06,0,0,-31.0,2.99,-33.99
KXBTC15M-26APR232245-45,BB_PURE_MEANREV,T600,no,12,78297.16,78287.09,1,0,-12.0,1.48,-13.48
KXBTC15M-26APR232045-45,BB_PURE_MEANREV,T600,no,12,78429.23,78430.74,0,1,88.0,1.48,86.52
KXBTC15M-26APR232030-30,BB_PURE_MEANREV,T600,no,19,78345.66,78315.19,1,0,-19.0,2.15,-21.15
KXBTC15M-26APR231845-45,BB_PURE_MEANREV,T600,no,19,78236.94,78231.64,1,0,-19.0,2.15,-21.15
KXBTC15M-26APR230715-15,BB_PURE_MEANREV,T600,no,25,77455.19,77429.64,1,0,-25.0,2.63,-27.62
KXBTC15M-26APR230530-30,BB_PURE_MEANREV,T600,yes,23,77617.02,77591.51,1,1,77.0,2.48,74.52
KXBTC15M-26APR230130-30,BB_PURE_MEANREV,T600,yes,9,77990.35,78016.95,0,0,-9.0,1.15,-10.15
KXBTC15M-26APR222100-00,BB_PURE_MEANREV,T600,yes,31,78421.83,78428.84,0,0,-31.0,2.99,-33.99
KXBTC15M-26APR222000-00,BB_PURE_MEANREV,T600,yes,12,78292.72,78292.55,0,0,-12.0,1.48,-13.48
KXBTC15M-26APR221800-00,BB_PURE_MEANREV,T600,no,37,78766.67,78766.01,1,0,-37.0,3.26,-40.26
KXBTC15M-26APR221115-15,BB_PURE_MEANREV,T600,yes,15,79077.71,79098.06,0,0,-15.0,1.79,-16.79
KXBTC15M-26APR220915-15,BB_PURE_MEANREV,T600,no,41,78271.22,78273.38,1,0,-41.0,3.39,-44.39
KXBTC15M-26APR220345-45,BB_PURE_MEANREV,T600,no,20,77877.39,77873.22,1,0,-20.0,2.24,-22.24
KXBTC15M-26APR220300-00,BB_PURE_MEANREV,T600,no,19,78003.20,77981.47,1,0,-19.0,2.15,-21.15
KXBTC15M-26APR220230-30,BB_PURE_MEANREV,T600,yes,22,78040.66,78012.73,0,0,-22.0,2.40,-24.40
KXBTC15M-26APR220015-15,BB_PURE_MEANREV,T600,no,34,77571.75,77568.66,0,1,66.0,3.14,62.86
KXBTC15M-26APR212115-15,BB_PURE_MEANREV,T600,no,19,76331.16,76312.89,1,0,-19.0,2.15,-21.15
KXBTC15M-26APR212015-15,BB_PURE_MEANREV,T600,no,8,76338.50,76351.47,1,0,-8.0,1.03,-9.03
KXBTC15M-26APR211745-45,BB_PURE_MEANREV,T600,no,18,75571.22,75584.93,0,1,82.0,2.07,79.93
KXBTC15M-26APR211730-30,BB_PURE_MEANREV,T600,no,24,75594.94,75599.79,0,1,76.0,2.55,73.45
KXBTC15M-26APR211700-00,BB_PURE_MEANREV,T600,no,23,75697.65,75690.92,1,0,-23.0,2.48,-25.48
KXBTC15M-26APR211415-15,BB_PURE_MEANREV,T600,no,27,75560.36,75561.72,1,0,-27.0,2.76,-29.76
KXBTC15M-26APR210645-45,BB_PURE_MEANREV,T600,no,38,76542.03,76550.43,1,0,-38.0,3.30,-41.30
KXBTC15M-26APR210445-45,BB_PURE_MEANREV,T600,yes,38,76416.34,76396.31,1,1,62.0,3.30,58.70
KXBTC15M-26APR210345-45,BB_PURE_MEANREV,T600,yes,50,76228.00,76205.91,1,1,50.0,3.50,46.50
KXBTC15M-26APR210300-00,BB_PURE_MEANREV,T600,yes,24,76022.38,76034.37,0,0,-24.0,2.55,-26.55
KXBTC15M-26APR201700-00,BB_PURE_MEANREV,T600,no,20,76294.13,76288.29,1,0,-20.0,2.24,-22.24
KXBTC15M-26APR201545-45,BB_PURE_MEANREV,T600,no,21,76245.65,76238.51,1,0,-21.0,2.32,-23.32
KXBTC15M-26APR201145-45,BB_PURE_MEANREV,T600,yes,28,75703.29,75680.32,0,0,-28.0,2.82,-30.82
KXBTC15M-26APR200945-45,BB_PURE_MEANREV,T600,no,20,75179.93,75184.17,1,0,-20.0,2.24,-22.24
KXBTC15M-26APR200630-30,BB_PURE_MEANREV,T600,yes,28,75401.45,75375.23,0,0,-28.0,2.82,-30.82
KXBTC15M-26APR200545-45,BB_PURE_MEANREV,T600,no,6,75022.25,75037.64,1,0,-6.0,0.79,-6.79
KXBTC15M-26APR200530-30,BB_PURE_MEANREV,T600,no,26,75060.11,75068.39,0,1,74.0,2.69,71.31
KXBTC15M-26APR200000-00,BB_PURE_MEANREV,T600,no,13,74595.51,74608.74,1,0,-13.0,1.58,-14.58
KXBTC15M-26APR192300-00,BB_PURE_MEANREV,T600,no,40,74487.67,74496.58,0,1,60.0,3.36,56.64
KXBTC15M-26APR192230-30,BB_PURE_MEANREV,T600,no,14,74388.60,74407.63,1,0,-14.0,1.69,-15.69
KXBTC15M-26APR192115-15,BB_PURE_MEANREV,T600,yes,32,74333.44,74350.32,1,1,68.0,3.05,64.95
KXBTC15M-26APR191630-30,BB_PURE_MEANREV,T600,yes,5,74815.24,74813.53,0,0,-5.0,0.67,-5.67
KXBTC15M-26APR191545-45,BB_PURE_MEANREV,T600,no,41,74973.16,74997.11,1,0,-41.0,3.39,-44.39
KXBTC15M-26APR191530-30,BB_PURE_MEANREV,T600,yes,9,75004.32,74994.71,1,1,91.0,1.15,89.85
KXBTC15M-26APR191330-30,BB_PURE_MEANREV,T600,yes,30,75256.73,75275.98,1,1,70.0,2.94,67.06
KXBTC15M-26APR191245-45,BB_PURE_MEANREV,T600,no,19,75625.79,75608.21,0,1,81.0,2.15,78.85
KXBTC15M-26APR191045-45,BB_PURE_MEANREV,T600,yes,30,76005.76,76001.65,1,1,70.0,2.94,67.06
KXBTC15M-26APR190645-45,BB_PURE_MEANREV,T600,yes,27,75110.17,75121.60,1,1,73.0,2.76,70.24
KXBTC15M-26APR190130-30,BB_PURE_MEANREV,T600,no,43,75562.33,75591.42,1,0,-43.0,3.43,-46.43
KXBTC15M-26APR181915-15,BB_PURE_MEANREV,T600,no,34,75850.50,75858.14,1,0,-34.0,3.14,-37.14
KXBTC15M-26APR181900-00,BB_PURE_MEANREV,T600,no,11,75824.03,75808.16,1,0,-11.0,1.37,-12.37
KXBTC15M-26APR181800-00,BB_PURE_MEANREV,T600,no,9,75754.78,75759.73,1,0,-9.0,1.15,-10.15
KXBTC15M-26APR181645-45,BB_PURE_MEANREV,T600,no,13,75748.83,75748.07,1,0,-13.0,1.58,-14.58
KXBTC15M-26APR181630-30,BB_PURE_MEANREV,T600,no,48,75717.60,75725.24,1,0,-48.0,3.49,-51.49
KXBTC15M-26APR181330-30,BB_PURE_MEANREV,T600,no,36,75832.68,75861.99,1,0,-36.0,3.23,-39.23
KXBTC15M-26APR180415-15,BB_PURE_MEANREV,T600,no,45,76990.22,77018.78,0,1,55.0,3.47,51.53
KXBTC15M-26APR180100-00,BB_PURE_MEANREV,T600,no,26,77089.06,77099.21,1,0,-26.0,2.69,-28.69
KXBTC15M-26APR171715-15,BB_PURE_MEANREV,T600,no,41,77361.89,77391.80,1,0,-41.0,3.39,-44.39
KXBTC15M-26APR171700-00,BB_PURE_MEANREV,T600,no,14,77321.14,77306.97,1,0,-14.0,1.69,-15.69
KXBTC15M-26APR170745-45,BB_PURE_MEANREV,T600,no,31,75464.12,75485.34,0,1,69.0,2.99,66.01
KXBTC15M-26APR170430-30,BB_PURE_MEANREV,T600,yes,44,75127.20,75099.59,1,1,56.0,3.45,52.55
KXBTC15M-26APR170345-45,BB_PURE_MEANREV,T600,no,24,74962.60,74979.54,1,0,-24.0,2.55,-26.55
KXBTC15M-26APR170230-30,BB_PURE_MEANREV,T600,no,15,74775.20,74779.86,1,0,-15.0,1.79,-16.79
KXBTC15M-26APR162315-15,BB_PURE_MEANREV,T600,yes,8,74690.19,74707.88,1,1,92.0,1.03,90.97
KXBTC15M-26APR162045-45,BB_PURE_MEANREV,T600,no,29,75022.88,75006.51,1,0,-29.0,2.88,-31.88
KXBTC15M-26APR161845-45,BB_PURE_MEANREV,T600,yes,49,74968.80,74942.58,0,0,-49.0,3.50,-52.50
KXBTC15M-26APR161800-00,BB_PURE_MEANREV,T600,no,45,74962.40,74976.96,0,1,55.0,3.47,51.53
KXBTC15M-26APR161745-45,BB_PURE_MEANREV,T600,no,27,74959.19,74939.98,1,0,-27.0,2.76,-29.76
KXBTC15M-26APR161100-00,BB_PURE_MEANREV,T600,no,40,73983.60,74004.58,0,1,60.0,3.36,56.64
KXBTC15M-26APR160700-00,BB_PURE_MEANREV,T600,yes,15,74397.27,74407.12,0,0,-15.0,1.79,-16.79
KXBTC15M-26APR160645-45,BB_PURE_MEANREV,T600,no,50,74458.89,74472.92,0,1,50.0,3.50,46.50
KXBTC15M-26APR151530-30,BB_PURE_MEANREV,T600,no,48,74663.54,74680.15,1,0,-48.0,3.49,-51.49
KXBTC15M-26APR151430-30,BB_PURE_MEANREV,T600,yes,45,74312.37,74303.63,0,0,-45.0,3.47,-48.47
KXBTC15M-26APR151345-45,BB_PURE_MEANREV,T600,yes,21,74156.98,74158.55,0,0,-21.0,2.32,-23.32
KXBTC15M-26APR150900-00,BB_PURE_MEANREV,T600,no,49,74338.74,74363.12,0,1,51.0,3.50,47.50
KXBTC15M-26APR150830-30,BB_PURE_MEANREV,T600,no,28,74193.32,74221.50,0,1,72.0,2.82,69.18
KXBTC15M-26APR150815-15,BB_PURE_MEANREV,T600,yes,22,74182.59,74211.89,1,1,78.0,2.40,75.60
KXBTC15M-26APR150545-45,BB_PURE_MEANREV,T600,yes,27,73957.40,73982.38,1,1,73.0,2.76,70.24
KXBTC15M-26APR150045-45,BB_PURE_MEANREV,T600,no,33,74321.77,74347.34,1,0,-33.0,3.10,-36.10
KXBTC15M-26APR150015-15,BB_PURE_MEANREV,T600,no,22,74360.76,74378.32,1,0,-22.0,2.40,-24.40
KXBTC15M-26APR150000-00,BB_PURE_MEANREV,T600,no,11,74288.25,74274.66,1,0,-11.0,1.37,-12.37
KXBTC15M-26APR141915-15,BB_PURE_MEANREV,T600,no,43,74065.39,74082.70,1,0,-43.0,3.43,-46.43
KXBTC15M-26APR141545-45,BB_PURE_MEANREV,T600,no,45,74180.89,74210.35,0,1,55.0,3.47,51.53
KXBTC15M-26APR141415-15,BB_PURE_MEANREV,T600,no,30,74763.91,74791.33,0,1,70.0,2.94,67.06
KXBTC15M-26APR141330-30,BB_PURE_MEANREV,T600,no,23,74862.42,74835.96,0,1,77.0,2.48,74.52
KXBTC15M-26APR140800-00,BB_PURE_MEANREV,T600,no,26,74370.09,74368.69,1,0,-26.0,2.69,-28.69
KXBTC15M-26APR140745-45,BB_PURE_MEANREV,T600,no,25,74405.28,74400.83,0,1,75.0,2.63,72.38
KXBTC15M-26APR140100-00,BB_PURE_MEANREV,T600,no,38,74398.83,74411.16,1,0,-38.0,3.30,-41.30
KXBTC15M-26APR132230-30,BB_PURE_MEANREV,T600,no,40,74485.56,74498.73,0,1,60.0,3.36,56.64
KXBTC15M-26APR132145-45,BB_PURE_MEANREV,T600,yes,33,74315.14,74326.19,1,1,67.0,3.10,63.90
KXBTC15M-26APR132130-30,BB_PURE_MEANREV,T600,no,23,74274.60,74294.07,1,0,-23.0,2.48,-25.48
KXBTC15M-26APR131800-00,BB_PURE_MEANREV,T600,yes,45,73293.36,73271.37,0,0,-45.0,3.47,-48.47
KXBTC15M-26APR131645-45,BB_PURE_MEANREV,T600,no,22,73154.57,73142.52,1,0,-22.0,2.40,-24.40
KXBTC15M-26APR130800-00,BB_PURE_MEANREV,T600,no,36,70930.03,70949.97,0,1,64.0,3.23,60.77
KXBTC15M-26APR130530-30,BB_PURE_MEANREV,T600,no,18,70715.93,70727.40,1,0,-18.0,2.07,-20.07
KXBTC15M-26APR130515-15,BB_PURE_MEANREV,T600,no,28,70711.59,70695.13,1,0,-28.0,2.82,-30.82
KXBTC15M-26APR130445-45,BB_PURE_MEANREV,T600,yes,5,70788.11,70777.70,0,0,-5.0,0.67,-5.67
KXBTC15M-26APR130345-45,BB_PURE_MEANREV,T600,no,5,70716.77,70733.94,1,0,-5.0,0.67,-5.67
KXBTC15M-26APR130245-45,BB_PURE_MEANREV,T600,no,23,71045.45,71044.73,0,1,77.0,2.48,74.52
KXBTC15M-26APR130030-30,BB_PURE_MEANREV,T600,no,32,70972.99,70964.46,1,0,-32.0,3.05,-35.05
KXBTC15M-26APR122300-00,BB_PURE_MEANREV,T600,no,47,71060.75,71081.90,0,1,53.0,3.49,49.51
KXBTC15M-26APR122200-00,BB_PURE_MEANREV,T600,yes,28,71176.57,71163.48,1,1,72.0,2.82,69.18
KXBTC15M-26APR122115-15,BB_PURE_MEANREV,T600,yes,30,71184.00,71177.44,0,0,-30.0,2.94,-32.94
KXBTC15M-26APR121930-30,BB_PURE_MEANREV,T600,yes,29,70671.68,70657.16,1,1,71.0,2.88,68.12
KXBTC15M-26APR121700-00,BB_PURE_MEANREV,T600,yes,20,71368.35,71385.69,0,0,-20.0,2.24,-22.24
KXBTC15M-26APR121500-00,BB_PURE_MEANREV,T600,no,28,71125.83,71151.73,1,0,-28.0,2.82,-30.82
KXBTC15M-26APR121415-15,BB_PURE_MEANREV,T600,no,14,71139.37,71139.44,1,0,-14.0,1.69,-15.69
KXBTC15M-26APR121330-30,BB_PURE_MEANREV,T600,no,16,70976.08,70959.27,1,0,-16.0,1.88,-17.88
KXBTC15M-26APR121315-15,BB_PURE_MEANREV,T600,no,9,70961.26,70948.06,1,0,-9.0,1.15,-10.15
KXBTC15M-26APR121245-45,BB_PURE_MEANREV,T600,yes,11,70933.10,70960.51,0,0,-11.0,1.37,-12.37
KXBTC15M-26APR120830-30,BB_PURE_MEANREV,T600,no,23,71412.67,71422.96,1,0,-23.0,2.48,-25.48
KXBTC15M-26APR120630-30,BB_PURE_MEANREV,T600,no,17,71649.39,71660.51,0,1,83.0,1.98,81.02
KXBTC15M-26APR120545-45,BB_PURE_MEANREV,T600,no,24,71623.83,71647.85,0,1,76.0,2.55,73.45
KXBTC15M-26APR120530-30,BB_PURE_MEANREV,T600,no,11,71613.71,71614.57,1,0,-11.0,1.37,-12.37
KXBTC15M-26APR120445-45,BB_PURE_MEANREV,T600,no,7,71719.58,71734.26,1,0,-7.0,0.91,-7.91
KXBTC15M-26APR120200-00,BB_PURE_MEANREV,T600,no,10,71660.74,71683.00,1,0,-10.0,1.26,-11.26
KXBTC15M-26APR120015-15,BB_PURE_MEANREV,T600,yes,19,71654.08,71650.00,0,0,-19.0,2.15,-21.15
KXBTC15M-26APR112100-00,BB_PURE_MEANREV,T600,no,33,73045.31,73060.19,1,0,-33.0,3.10,-36.10
KXBTC15M-26APR111900-00,BB_PURE_MEANREV,T600,yes,6,73386.65,73364.14,1,1,94.0,0.79,93.21
KXBTC15M-26APR111545-45,BB_PURE_MEANREV,T600,no,20,73633.14,73652.82,1,0,-20.0,2.24,-22.24
KXBTC15M-26APR111500-00,BB_PURE_MEANREV,T600,no,28,73504.86,73514.21,1,0,-28.0,2.82,-30.82
KXBTC15M-26APR111345-45,BB_PURE_MEANREV,T600,no,8,73120.77,73095.34,1,0,-8.0,1.03,-9.03
KXBTC15M-26APR111230-30,BB_PURE_MEANREV,T600,yes,40,72919.89,72904.46,1,1,60.0,3.36,56.64
KXBTC15M-26APR111030-30,BB_PURE_MEANREV,T600,no,14,72713.99,72739.14,1,0,-14.0,1.69,-15.69
KXBTC15M-26APR111000-00,BB_PURE_MEANREV,T600,no,53,72686.57,72706.91,1,0,-53.0,3.49,-56.49
KXBTC15M-26APR110930-30,BB_PURE_MEANREV,T600,no,16,72640.63,72651.62,1,0,-16.0,1.88,-17.88
KXBTC15M-26APR110815-15,BB_PURE_MEANREV,T600,no,28,72928.61,72930.80,0,1,72.0,2.82,69.18
KXBTC15M-26APR110630-30,BB_PURE_MEANREV,T600,no,7,72861.66,72847.03,1,0,-7.0,0.91,-7.91
KXBTC15M-26APR110430-30,BB_PURE_MEANREV,T600,yes,25,72796.99,72806.45,0,0,-25.0,2.63,-27.62
KXBTC15M-26APR110045-45,BB_PURE_MEANREV,T600,no,5,72758.68,72778.21,1,0,-5.0,0.67,-5.67
KXBTC15M-26APR102315-15,BB_PURE_MEANREV,T600,no,8,72998.88,72995.82,1,0,-8.0,1.03,-9.03
KXBTC15M-26APR102230-30,BB_PURE_MEANREV,T600,no,33,73009.63,73005.56,1,0,-33.0,3.10,-36.10
KXBTC15M-26APR102215-15,BB_PURE_MEANREV,T600,yes,48,72978.99,72967.90,1,1,52.0,3.49,48.51
KXBTC15M-26APR102030-30,BB_PURE_MEANREV,T600,yes,53,72921.81,72902.82,1,1,47.0,3.49,43.51
KXBTC15M-26APR100815-15,BB_PURE_MEANREV,T600,no,40,72133.76,72149.07,0,1,60.0,3.36,56.64
KXBTC15M-26APR100730-30,BB_PURE_MEANREV,T600,no,10,72141.81,72124.94,1,0,-10.0,1.26,-11.26
KXBTC15M-26APR100345-45,BB_PURE_MEANREV,T600,yes,42,71756.78,71735.73,0,0,-42.0,3.41,-45.41
KXBTC15M-26APR092330-30,BB_PURE_MEANREV,T600,yes,26,71909.12,71904.90,0,0,-26.0,2.69,-28.69
KXBTC15M-26APR092230-30,BB_PURE_MEANREV,T600,yes,24,72250.58,72236.38,0,0,-24.0,2.55,-26.55
KXBTC15M-26APR092100-00,BB_PURE_MEANREV,T600,no,29,71938.32,71927.52,0,1,71.0,2.88,68.12
KXBTC15M-26APR092015-15,BB_PURE_MEANREV,T600,no,30,71801.91,71794.20,0,1,70.0,2.94,67.06
KXBTC15M-26APR091930-30,BB_PURE_MEANREV,T600,no,43,71807.55,71811.25,1,0,-43.0,3.43,-46.43
KXBTC15M-26APR091500-00,BB_PURE_MEANREV,T600,no,29,71840.77,71839.74,1,0,-29.0,2.88,-31.88
KXBTC15M-26APR091300-00,BB_PURE_MEANREV,T600,yes,20,71980.41,71973.67,1,1,80.0,2.24,77.76
KXBTC15M-26APR090200-00,BB_PURE_MEANREV,T600,yes,5,71057.75,71056.14,0,0,-5.0,0.67,-5.67
KXBTC15M-26APR082330-30,BB_PURE_MEANREV,T600,no,43,70977.44,70989.53,0,1,57.0,3.43,53.57
KXBTC15M-26APR082245-45,BB_PURE_MEANREV,T600,no,50,71019.70,71043.11,0,1,50.0,3.50,46.50
KXBTC15M-26APR082100-00,BB_PURE_MEANREV,T600,yes,26,70819.93,70802.84,1,1,74.0,2.69,71.31
KXBTC15M-26APR082015-15,BB_PURE_MEANREV,T600,yes,12,71113.05,71118.65,0,0,-12.0,1.48,-13.48
KXBTC15M-26APR081215-15,BB_PURE_MEANREV,T600,no,45,71289.73,71305.68,1,0,-45.0,3.47,-48.47
KXBTC15M-26APR081030-30,BB_PURE_MEANREV,T600,yes,33,71553.94,71536.01,0,0,-33.0,3.10,-36.10
KXBTC15M-26APR080630-30,BB_PURE_MEANREV,T600,no,12,71604.03,71611.05,1,0,-12.0,1.48,-13.48
KXBTC15M-26APR080600-00,BB_PURE_MEANREV,T600,no,9,71633.78,71614.41,1,0,-9.0,1.15,-10.15
KXBTC15M-26APR080445-45,BB_PURE_MEANREV,T600,yes,36,71757.63,71755.83,0,0,-36.0,3.23,-39.23
KXBTC15M-26APR071115-15,BB_PURE_MEANREV,T600,yes,45,67893.51,67871.61,0,0,-45.0,3.47,-48.47
KXBTC15M-26APR070330-30,BB_PURE_MEANREV,T600,no,12,68532.16,68548.99,1,0,-12.0,1.48,-13.48
KXBTC15M-26APR070315-15,BB_PURE_MEANREV,T600,yes,6,68570.20,68582.09,0,0,-6.0,0.79,-6.79
KXBTC15M-26APR070115-15,BB_PURE_MEANREV,T600,yes,30,68843.15,68855.32,0,0,-30.0,2.94,-32.94
KXBTC15M-26APR070100-00,BB_PURE_MEANREV,T600,no,15,68858.70,68834.40,1,0,-15.0,1.79,-16.79
KXBTC15M-26APR070030-30,BB_PURE_MEANREV,T600,yes,11,68620.20,68634.26,0,0,-11.0,1.37,-12.37
KXBTC15M-26APR061800-00,BB_PURE_MEANREV,T600,no,9,69482.18,69460.99,1,0,-9.0,1.15,-10.15
KXBTC15M-26APR061615-15,BB_PURE_MEANREV,T600,yes,25,69719.91,69740.81,0,0,-25.0,2.63,-27.62
KXBTC15M-26APR061600-00,BB_PURE_MEANREV,T600,yes,35,69775.31,69761.36,0,0,-35.0,3.19,-38.19
KXBTC15M-26APR061415-15,BB_PURE_MEANREV,T600,yes,23,69607.02,69579.37,1,1,77.0,2.48,74.52
KXBTC15M-26APR060830-30,BB_PURE_MEANREV,T600,no,33,69500.48,69486.69,0,1,67.0,3.10,63.90
KXBTC15M-26APR060500-00,BB_PURE_MEANREV,T600,yes,17,69265.19,69282.32,0,0,-17.0,1.98,-18.98
KXBTC15M-26APR060200-00,BB_PURE_MEANREV,T600,yes,23,69220.61,69206.34,0,0,-23.0,2.48,-25.48
KXBTC15M-26APR052315-15,BB_PURE_MEANREV,T600,yes,11,69230.60,69233.08,0,0,-11.0,1.37,-12.37
KXBTC15M-26APR051745-45,BB_PURE_MEANREV,T600,yes,53,67474.41,67459.02,0,0,-53.0,3.49,-56.49
KXBTC15M-26APR051515-15,BB_PURE_MEANREV,T600,no,42,67375.77,67377.88,1,0,-42.0,3.41,-45.41
KXBTC15M-26APR051430-30,BB_PURE_MEANREV,T600,yes,23,67298.64,67310.23,0,0,-23.0,2.48,-25.48
KXBTC15M-26APR051200-00,BB_PURE_MEANREV,T600,yes,14,67406.71,67411.81,0,0,-14.0,1.69,-15.69
KXBTC15M-26APR051100-00,BB_PURE_MEANREV,T600,yes,16,66935.89,66944.39,0,0,-16.0,1.88,-17.88
KXBTC15M-26APR050930-30,BB_PURE_MEANREV,T600,no,7,66741.74,66765.27,0,1,93.0,0.91,92.09
KXBTC15M-26APR050630-30,BB_PURE_MEANREV,T600,yes,51,66985.21,66964.30,1,1,49.0,3.50,45.50
KXBTC15M-26APR050445-45,BB_PURE_MEANREV,T600,no,25,66882.36,66866.05,0,1,75.0,2.63,72.38
KXBTC15M-26APR050145-45,BB_PURE_MEANREV,T600,yes,32,67076.79,67078.11,0,0,-32.0,3.05,-35.05
KXBTC15M-26APR050100-00,BB_PURE_MEANREV,T600,yes,5,67119.80,67120.02,0,0,-5.0,0.67,-5.67
KXBTC15M-26APR050015-15,BB_PURE_MEANREV,T600,yes,10,67119.47,67118.94,0,0,-10.0,1.26,-11.26
KXBTC15M-26APR042345-45,BB_PURE_MEANREV,T600,yes,5,67145.65,67149.36,0,0,-5.0,0.67,-5.67
KXBTC15M-26APR042330-30,BB_PURE_MEANREV,T600,no,39,67144.95,67146.35,1,0,-39.0,3.33,-42.33
KXBTC15M-26APR042115-15,BB_PURE_MEANREV,T600,yes,12,67176.43,67175.80,1,1,88.0,1.48,86.52
KXBTC15M-26APR042030-30,BB_PURE_MEANREV,T600,yes,23,67251.93,67245.47,0,0,-23.0,2.48,-25.48
KXBTC15M-26APR041745-45,BB_PURE_MEANREV,T600,no,16,67261.49,67274.06,1,0,-16.0,1.88,-17.88
KXBTC15M-26APR041700-00,BB_PURE_MEANREV,T600,yes,11,67265.80,67284.38,0,0,-11.0,1.37,-12.37
KXBTC15M-26APR041545-45,BB_PURE_MEANREV,T600,yes,20,67341.27,67361.83,0,0,-20.0,2.24,-22.24
KXBTC15M-26APR041415-15,BB_PURE_MEANREV,T600,yes,28,67348.89,67341.83,0,0,-28.0,2.82,-30.82
KXBTC15M-26APR041400-00,BB_PURE_MEANREV,T600,yes,44,67334.59,67324.92,1,1,56.0,3.45,52.55
KXBTC15M-26APR041215-15,BB_PURE_MEANREV,T600,yes,8,67367.17,67380.17,0,0,-8.0,1.03,-9.03
KXBTC15M-26APR041030-30,BB_PURE_MEANREV,T600,yes,39,67203.82,67198.18,1,1,61.0,3.33,57.67
KXBTC15M-26APR040930-30,BB_PURE_MEANREV,T600,no,42,67097.34,67101.79,1,0,-42.0,3.41,-45.41
KXBTC15M-26APR040830-30,BB_PURE_MEANREV,T600,no,22,67110.40,67118.16,0,1,78.0,2.40,75.60
KXBTC15M-26APR040800-00,BB_PURE_MEANREV,T600,yes,30,67134.67,67140.60,1,1,70.0,2.94,67.06
KXBTC15M-26APR040615-15,BB_PURE_MEANREV,T600,yes,15,66984.14,66974.61,0,0,-15.0,1.79,-16.79
KXBTC15M-26APR040430-30,BB_PURE_MEANREV,T600,no,14,67012.67,66999.43,1,0,-14.0,1.69,-15.69
KXBTC15M-26APR040415-15,BB_PURE_MEANREV,T600,yes,24,67009.63,67012.95,0,0,-24.0,2.55,-26.55
KXBTC15M-26APR040400-00,BB_PURE_MEANREV,T600,yes,33,67008.96,67002.22,1,1,67.0,3.10,63.90
KXBTC15M-26APR040330-30,BB_PURE_MEANREV,T600,yes,9,66961.06,66987.67,0,0,-9.0,1.15,-10.15
KXBTC15M-26APR040245-45,BB_PURE_MEANREV,T600,yes,45,66931.04,66924.56,1,1,55.0,3.47,51.53
KXBTC15M-26APR040215-15,BB_PURE_MEANREV,T600,no,16,66929.31,66912.52,1,0,-16.0,1.88,-17.88
KXBTC15M-26APR040130-30,BB_PURE_MEANREV,T600,yes,42,66889.61,66872.82,0,0,-42.0,3.41,-45.41
KXBTC15M-26APR040115-15,BB_PURE_MEANREV,T600,no,14,66885.70,66861.61,1,0,-14.0,1.69,-15.69
KXBTC15M-26APR040100-00,BB_PURE_MEANREV,T600,no,24,66859.89,66858.77,1,0,-24.0,2.55,-26.55
KXBTC15M-26APR032245-45,BB_PURE_MEANREV,T600,no,25,66843.45,66836.00,1,0,-25.0,2.63,-27.62
KXBTC15M-26APR032130-30,BB_PURE_MEANREV,T600,no,32,66858.53,66868.56,1,0,-32.0,3.05,-35.05
KXBTC15M-26APR032115-15,BB_PURE_MEANREV,T600,no,12,66897.14,66888.84,0,1,88.0,1.48,86.52
KXBTC15M-26APR032045-45,BB_PURE_MEANREV,T600,no,39,66920.31,66941.74,0,1,61.0,3.33,57.67
KXBTC15M-26APR031745-45,BB_PURE_MEANREV,T600,no,44,66902.01,66903.96,1,0,-44.0,3.45,-47.45
KXBTC15M-26APR031730-30,BB_PURE_MEANREV,T600,yes,47,66909.16,66898.32,1,1,53.0,3.49,49.51
KXBTC15M-26APR031500-00,BB_PURE_MEANREV,T600,yes,11,66836.88,66856.01,0,0,-11.0,1.37,-12.37
KXBTC15M-26APR031445-45,BB_PURE_MEANREV,T600,yes,22,66904.97,66884.42,0,0,-22.0,2.40,-24.40
KXBTC15M-26APR031345-45,BB_PURE_MEANREV,T600,no,35,66885.73,66878.12,1,0,-35.0,3.19,-38.19
KXBTC15M-26APR031200-00,BB_PURE_MEANREV,T600,yes,33,66863.20,66846.46,1,1,67.0,3.10,63.90
KXBTC15M-26APR031130-30,BB_PURE_MEANREV,T600,yes,20,66936.92,66956.38,0,0,-20.0,2.24,-22.24
KXBTC15M-26APR030830-30,BB_PURE_MEANREV,T600,yes,22,67011.26,66994.50,1,1,78.0,2.40,75.60
KXBTC15M-26APR030800-00,BB_PURE_MEANREV,T600,yes,43,67028.65,67010.70,0,0,-43.0,3.43,-46.43
KXBTC15M-26APR030500-00,BB_PURE_MEANREV,T600,no,38,66934.17,66935.78,1,0,-38.0,3.30,-41.30
KXBTC15M-26APR030045-45,BB_PURE_MEANREV,T600,yes,39,66578.42,66560.88,1,1,61.0,3.33,57.67
KXBTC15M-26APR021815-15,BB_PURE_MEANREV,T600,no,55,66910.99,66931.18,0,1,45.0,3.46,41.53
KXBTC15M-26APR021745-45,BB_PURE_MEANREV,T600,yes,41,66846.22,66840.52,0,0,-41.0,3.39,-44.39
KXBTC15M-26APR021700-00,BB_PURE_MEANREV,T600,yes,15,67009.51,67009.61,0,0,-15.0,1.79,-16.79
KXBTC15M-26APR021530-30,BB_PURE_MEANREV,T600,yes,27,67068.38,67050.73,0,0,-27.0,2.76,-29.76
KXBTC15M-26APR021115-15,BB_PURE_MEANREV,T600,yes,19,66921.59,66897.11,0,0,-19.0,2.15,-21.15
KXBTC15M-26APR021100-00,BB_PURE_MEANREV,T600,yes,19,66952.70,66958.61,0,0,-19.0,2.15,-21.15
KXBTC15M-26APR020700-00,BB_PURE_MEANREV,T600,yes,38,66471.02,66468.29,0,0,-38.0,3.30,-41.30
KXBTC15M-26APR020545-45,BB_PURE_MEANREV,T600,yes,23,66456.50,66479.98,0,0,-23.0,2.48,-25.48
KXBTC15M-26APR020530-30,BB_PURE_MEANREV,T600,yes,30,66425.91,66415.89,1,1,70.0,2.94,67.06
KXBTC15M-26APR020200-00,BB_PURE_MEANREV,T600,yes,25,66574.87,66567.54,1,1,75.0,2.63,72.38
KXBTC15M-26APR020115-15,BB_PURE_MEANREV,T600,no,42,66331.08,66348.00,1,0,-42.0,3.41,-45.41
KXBTC15M-26APR020100-00,BB_PURE_MEANREV,T600,no,31,66282.77,66293.47,1,0,-31.0,2.99,-33.99
KXBTC15M-26APR012000-00,BB_PURE_MEANREV,T600,no,37,68101.42,68121.38,0,1,63.0,3.26,59.74
KXBTC15M-26APR011615-15,BB_PURE_MEANREV,T600,yes,10,68140.16,68156.35,0,0,-10.0,1.26,-11.26
KXBTC15M-26APR011345-45,BB_PURE_MEANREV,T600,yes,24,68487.25,68493.66,0,0,-24.0,2.55,-26.55
KXBTC15M-26APR011045-45,BB_PURE_MEANREV,T600,yes,22,68486.45,68486.52,0,0,-22.0,2.40,-24.40
KXBTC15M-26APR010915-15,BB_PURE_MEANREV,T600,yes,18,68337.17,68349.85,1,1,82.0,2.07,79.93
KXBTC15M-26APR010745-45,BB_PURE_MEANREV,T600,no,30,68563.93,68576.73,0,1,70.0,2.94,67.06
KXBTC15M-26APR010700-00,BB_PURE_MEANREV,T600,no,13,68524.80,68519.72,1,0,-13.0,1.58,-14.58
KXBTC15M-26APR010645-45,BB_PURE_MEANREV,T600,yes,18,68517.89,68504.15,1,1,82.0,2.07,79.93
KXBTC15M-26APR010630-30,BB_PURE_MEANREV,T600,no,31,68531.33,68552.67,0,1,69.0,2.99,66.01
KXBTC15M-26APR010530-30,BB_PURE_MEANREV,T600,yes,12,68485.62,68480.82,1,1,88.0,1.48,86.52
KXBTC15M-26APR010300-00,BB_PURE_MEANREV,T600,no,42,69090.31,69095.32,1,0,-42.0,3.41,-45.41
KXBTC15M-26APR010115-15,BB_PURE_MEANREV,T600,yes,13,68235.08,68247.86,1,1,87.0,1.58,85.42
KXBTC15M-26MAR312200-00,BB_PURE_MEANREV,T600,yes,22,67910.47,67893.31,0,0,-22.0,2.40,-24.40
KXBTC15M-26MAR311845-45,BB_PURE_MEANREV,T600,yes,14,68086.30,68086.25,1,1,86.0,1.69,84.31
KXBTC15M-26MAR311830-30,BB_PURE_MEANREV,T600,no,35,68124.22,68124.44,0,1,65.0,3.19,61.81
KXBTC15M-26MAR311730-30,BB_PURE_MEANREV,T600,yes,20,67959.65,67948.31,1,1,80.0,2.24,77.76
KXBTC15M-26MAR311530-30,BB_PURE_MEANREV,T600,yes,18,67976.78,67956.11,0,0,-18.0,2.07,-20.07
KXBTC15M-26MAR310515-15,BB_PURE_MEANREV,T600,yes,25,66759.20,66762.52,0,0,-25.0,2.63,-27.62
KXBTC15M-26MAR310230-30,BB_PURE_MEANREV,T600,yes,24,67435.73,67431.59,0,0,-24.0,2.55,-26.55
KXBTC15M-26MAR310015-15,BB_PURE_MEANREV,T600,yes,29,67676.00,67653.72,0,0,-29.0,2.88,-31.88
KXBTC15M-26MAR302330-30,BB_PURE_MEANREV,T600,yes,7,67882.21,67859.16,0,0,-7.0,0.91,-7.91
KXBTC15M-26MAR302315-15,BB_PURE_MEANREV,T600,yes,30,67938.70,67944.68,0,0,-30.0,2.94,-32.94
KXBTC15M-26MAR302215-15,BB_PURE_MEANREV,T600,yes,18,67900.02,67908.21,0,0,-18.0,2.07,-20.07
KXBTC15M-26MAR301800-00,BB_PURE_MEANREV,T600,yes,12,66877.66,66869.98,0,0,-12.0,1.48,-13.48
KXBTC15M-26MAR301700-00,BB_PURE_MEANREV,T600,yes,44,66617.74,66611.66,0,0,-44.0,3.45,-47.45
KXBTC15M-26MAR301645-45,BB_PURE_MEANREV,T600,yes,46,66634.39,66609.38,1,1,54.0,3.48,50.52
KXBTC15M-26MAR301315-15,BB_PURE_MEANREV,T600,yes,25,67295.15,67282.49,0,0,-25.0,2.63,-27.62
KXBTC15M-26MAR300615-15,BB_PURE_MEANREV,T600,yes,16,67470.48,67456.25,0,0,-16.0,1.88,-17.88
KXBTC15M-26MAR300530-30,BB_PURE_MEANREV,T600,yes,15,67560.97,67545.84,0,0,-15.0,1.79,-16.79
KXBTC15M-26MAR300300-00,BB_PURE_MEANREV,T600,yes,21,67345.83,67329.58,0,0,-21.0,2.32,-23.32
KXBTC15M-26MAR300045-45,BB_PURE_MEANREV,T600,no,36,67420.45,67439.22,0,1,64.0,3.23,60.77
KXBTC15M-26MAR291015-15,BB_PURE_MEANREV,T600,yes,9,66530.89,66524.84,1,1,91.0,1.15,89.85
KXBTC15M-26MAR290845-45,BB_PURE_MEANREV,T600,yes,18,66748.88,66736.78,0,0,-18.0,2.07,-20.07
KXBTC15M-26MAR290800-00,BB_PURE_MEANREV,T600,yes,10,66852.69,66850.96,0,0,-10.0,1.26,-11.26
KXBTC15M-26MAR290630-30,BB_PURE_MEANREV,T600,yes,7,66474.85,66465.91,0,0,-7.0,0.91,-7.91
KXBTC15M-26MAR290130-30,BB_PURE_MEANREV,T600,no,29,66636.12,66656.61,0,1,71.0,2.88,68.12
KXBTC15M-26MAR282345-45,BB_PURE_MEANREV,T600,yes,22,66965.56,66939.58,0,0,-22.0,2.40,-24.40
KXBTC15M-26MAR282000-00,BB_PURE_MEANREV,T600,yes,10,66393.38,66376.51,0,0,-10.0,1.26,-11.26
KXBTC15M-26MAR281500-00,BB_PURE_MEANREV,T600,yes,23,66909.22,66890.92,0,0,-23.0,2.48,-25.48
KXBTC15M-26MAR281430-30,BB_PURE_MEANREV,T600,yes,12,66908.42,66890.70,0,0,-12.0,1.48,-13.48
KXBTC15M-26MAR281200-00,BB_PURE_MEANREV,T600,yes,17,67005.75,67005.01,0,0,-17.0,1.98,-18.98
KXBTC15M-26MAR280900-00,BB_PURE_MEANREV,T600,no,6,66343.73,66325.00,1,0,-6.0,0.79,-6.79
KXBTC15M-26MAR272245-45,BB_PURE_MEANREV,T600,yes,15,66013.27,66008.95,0,0,-15.0,1.79,-16.79
KXBTC15M-26MAR271815-15,BB_PURE_MEANREV,T600,yes,13,65995.85,66013.81,0,0,-13.0,1.58,-14.58
KXBTC15M-26MAR271615-15,BB_PURE_MEANREV,T600,yes,19,66063.73,66046.40,0,0,-19.0,2.15,-21.15
KXBTC15M-26MAR271345-45,BB_PURE_MEANREV,T600,yes,37,65874.35,65852.90,0,0,-37.0,3.26,-40.26
KXBTC15M-26MAR270815-15,BB_PURE_MEANREV,T600,yes,48,66693.74,66676.03,0,0,-48.0,3.49,-51.49
KXBTC15M-26MAR270715-15,BB_PURE_MEANREV,T600,yes,20,66492.69,66468.77,1,1,80.0,2.24,77.76
KXBTC15M-26MAR270200-00,BB_PURE_MEANREV,T600,yes,38,68602.38,68577.71,1,1,62.0,3.30,58.70
KXBTC15M-26MAR270045-45,BB_PURE_MEANREV,T600,no,10,68510.38,68492.39,1,0,-10.0,1.26,-11.26
KXBTC15M-26MAR261630-30,BB_PURE_MEANREV,T600,no,40,69217.76,69206.85,0,1,60.0,3.36,56.64
KXBTC15M-26MAR261615-15,BB_PURE_MEANREV,T600,yes,13,68542.48,68534.76,1,1,87.0,1.58,85.42
KXBTC15M-26MAR261230-30,BB_PURE_MEANREV,T600,no,33,68985.38,68964.88,0,1,67.0,3.10,63.90
KXBTC15M-26MAR261130-30,BB_PURE_MEANREV,T600,yes,28,69020.92,69031.33,0,0,-28.0,2.82,-30.82
KXBTC15M-26MAR260830-30,BB_PURE_MEANREV,T600,yes,31,69358.42,69354.94,1,1,69.0,2.99,66.01
KXBTC15M-26MAR260800-00,BB_PURE_MEANREV,T600,yes,38,69370.81,69378.43,0,0,-38.0,3.30,-41.30
KXBTC15M-26MAR260145-45,BB_PURE_MEANREV,T600,yes,30,70567.32,70553.92,0,0,-30.0,2.94,-32.94
KXBTC15M-26MAR252315-15,BB_PURE_MEANREV,T600,yes,16,70863.11,70880.77,1,1,84.0,1.88,82.12
KXBTC15M-26MAR252200-00,BB_PURE_MEANREV,T600,yes,45,71237.25,71231.72,1,1,55.0,3.47,51.53
